{
  "project_info": {
    "project_number": "635364351815",
    "firebase_url": "https://login-d1a85.firebaseio.com",
    "project_id": "login-d1a85",
    "storage_bucket": "login-d1a85.appspot.com"
  },
  "client": [
    {
      "client_info": {
        "mobilesdk_app_id": "1:635364351815:android:b6c12d13033cdc9c",
        "android_client_info": {
          "package_name": "com.example.jay1805.itproject"
        }
      },
      "oauth_client": [
        {
          "client_id": "635364351815-8l0mjhg6el0imon2kav3aa47k9llukq8.apps.googleusercontent.com",
          "client_type": 1,
          "android_info": {
            "package_name": "com.example.jay1805.itproject",
            "certificate_hash": "fb56fd62c08fa3068ed8ce7e873dafd7f2c72ed6"
          }
        },
        {
          "client_id": "635364351815-hg82mcdaekr85u0oevf4479ols49tuqa.apps.googleusercontent.com",
          "client_type": 1,
          "android_info": {
            "package_name": "com.example.jay1805.itproject",
            "certificate_hash": "75417b207222eed60f785dd71b440615c92a9461"
          }
        },
        {
          "client_id": "635364351815-7vbbhs8pi64g2vsdsrep0nkbnfehfrkk.apps.googleusercontent.com",
          "client_type": 3
        }
      ],
      "api_key": [
        {
          "current_key": "AIzaSyDnTXMmfcRClRcX7iRxw3XKyaoaNrlC3fA"
        }
      ],
      "services": {
        "analytics_service": {
          "status": 1
        },
        "appinvite_service": {
          "status": 2,
          "other_platform_oauth_client": [
            {
              "client_id": "635364351815-7vbbhs8pi64g2vsdsrep0nkbnfehfrkk.apps.googleusercontent.com",
              "client_type": 3
            }
          ]
        },
        "ads_service": {
          "status": 2
        }
      }
    },
    {
      "client_info": {
        "mobilesdk_app_id": "1:635364351815:android:3ac18c3f062ca161",
        "android_client_info": {
          "package_name": "com.example.sanyam.login"
        }
      },
      "oauth_client": [
        {
          "client_id": "635364351815-dqtcakde4cifvcms287968gqg91mopk0.apps.googleusercontent.com",
          "client_type": 1,
          "android_info": {
            "package_name": "com.example.sanyam.login",
            "certificate_hash": "75417b207222eed60f785dd71b440615c92a9461"
          }
        },
        {
          "client_id": "635364351815-7vbbhs8pi64g2vsdsrep0nkbnfehfrkk.apps.googleusercontent.com",
          "client_type": 3
        }
      ],
      "api_key": [
        {
          "current_key": "AIzaSyDnTXMmfcRClRcX7iRxw3XKyaoaNrlC3fA"
        }
      ],
      "services": {
        "analytics_service": {
          "status": 1
        },
        "appinvite_service": {
          "status": 2,
          "other_platform_oauth_client": [
            {
              "client_id": "635364351815-7vbbhs8pi64g2vsdsrep0nkbnfehfrkk.apps.googleusercontent.com",
              "client_type": 3
            }
          ]
        },
        "ads_service": {
          "status": 2
        }
      }
    }
  ],
  "configuration_version": "1"
}